State,Sex,Age Group,Bachelors Degree Holders,Science and Engineering,Science and Engineering Related Fields,Business,Education,"Arts, Humanities and Others"
Alabama,Total,25 and younger,885357,"263,555","98,445","210,147","141,071","172,139"
Alabama,Total,25 to 39,268924,"90,736","32,378","58,515","29,342","57,953"
Alabama,Total,40 to 64,418480,"115,762","46,724","112,271","63,875","79,848"
Alabama,Total,65 and older,197953,"57,057","19,343","39,361","47,854","34,338"
Alabama,Male,25 and younger,405618,"159,366","26,004","113,909","29,490","76,849"
Alabama,Male,25 to 39,117794,"50,188","7,712","29,859","6,357","23,678"
Alabama,Male,40 to 64,184328,"67,977","12,331","54,931","12,820","36,269"
Alabama,Male,65 and older,103496,"41,201","5,961","29,119","10,313","16,902"
Alabama,Female,25 and younger,479739,"104,189","72,441","96,238","111,581","95,290"
Alabama,Female,25 to 39,151130,"40,548","24,666","28,656","22,985","34,275"
Alabama,Female,40 to 64,234152,"47,785","34,393","57,340","51,055","43,579"
Alabama,Female,65 and older,94457,"15,856","13,382","10,242","37,541","17,436"
Alaska,Total,25 and younger,146157,"57,375","14,226","22,507","17,283","34,766"
Alaska,Total,25 to 39,47508,"18,797","4,371","7,056","3,790","13,494"
Alaska,Total,40 to 64,70788,"27,322","7,347","12,058","7,818","16,243"
Alaska,Total,65 and older,27861,"11,256","2,508","3,393","5,675","5,029"
Alaska,Male,25 and younger,65820,"30,952","3,713","11,869","4,418","14,868"
Alaska,Male,25 to 39,19873,"8,235","1,205","4,133",638,"5,662"
Alaska,Male,40 to 64,31153,"14,219","1,885","5,741","2,134","7,174"
Alaska,Male,65 and older,14794,"8,498",623,"1,995","1,646","2,032"
Alaska,Female,25 and younger,80337,"26,423","10,513","10,638","12,865","19,898"
Alaska,Female,25 to 39,27635,"10,562","3,166","2,923","3,152","7,832"
Alaska,Female,40 to 64,39635,"13,103","5,462","6,317","5,684","9,069"
Alaska,Female,65 and older,13067,"2,758","1,885","1,398","4,029","2,997"
Arizona,Total,25 and younger,1492158,"512,718","151,885","312,503","197,335","317,717"
Arizona,Total,25 to 39,434608,"170,387","44,332","75,623","33,419","110,847"
Arizona,Total,40 to 64,652144,"218,910","65,001","161,295","75,551","131,387"
Arizona,Total,65 and older,405406,"123,421","42,552","75,585","88,365","75,483"
Arizona,Male,25 and younger,724089,"318,272","41,173","176,486","45,631","142,527"
Arizona,Male,25 to 39,204008,"96,558","10,795","41,656","7,201","47,798"
Arizona,Male,40 to 64,304776,"131,783","18,405","79,289","16,275","59,024"
Arizona,Male,65 and older,215305,"89,931","11,973","55,541","22,155","35,705"
Arizona,Female,25 and younger,768069,"194,446","110,712","136,017","151,704","175,190"
Arizona,Female,25 to 39,230600,"73,829","33,537","33,967","26,218","63,049"
Arizona,Female,40 to 64,347368,"87,127","46,596","82,006","59,276","72,363"
Arizona,Female,65 and older,190101,"33,490","30,579","20,044","66,210","39,778"
Arkansas,Total,25 and younger,475367,"139,003","54,503","100,020","86,256","95,585"
Arkansas,Total,25 to 39,155654,"53,444","18,907","28,602","17,721","36,980"
Arkansas,Total,40 to 64,212386,"57,871","24,884","52,743","34,746","42,142"
Arkansas,Total,65 and older,107327,"27,688","10,712","18,675","33,789","16,463"
Arkansas,Male,25 and younger,215284,"84,436","15,412","54,738","19,613","41,085"
Arkansas,Male,25 to 39,70128,"30,470","4,672","14,989","3,960","16,037"
Arkansas,Male,40 to 64,91994,"33,698","6,862","27,356","7,430","16,648"
Arkansas,Male,65 and older,53162,"20,268","3,878","12,393","8,223","8,400"
Arkansas,Female,25 and younger,260083,"54,567","39,091","45,282","66,643","54,500"
Arkansas,Female,25 to 39,85526,"22,974","14,235","13,613","13,761","20,943"
Arkansas,Female,40 to 64,120392,"24,173","18,022","25,387","27,316","25,494"
Arkansas,Female,65 and older,54165,"7,420","6,834","6,282","25,566","8,063"
California,Total,25 and younger,9428484,"3,929,561","781,396","1,721,094","580,366","2,416,067"
California,Total,25 to 39,3377616,"1,494,747","266,714","580,520","101,219","934,416"
California,Total,40 to 64,4167682,"1,716,520","348,426","846,591","223,630","1,032,515"
California,Total,65 and older,1883186,"718,294","166,256","293,983","255,517","449,136"
California,Male,25 and younger,4559964,"2,275,829","242,881","914,899","139,456","986,899"
California,Male,25 to 39,1579359,"792,275","82,916","297,333","23,773","383,062"
California,Male,40 to 64,2015709,"999,694","112,229","424,699","55,912","423,175"
California,Male,65 and older,964896,"483,860","47,736","192,867","59,771","180,662"
California,Female,25 and younger,4868520,"1,653,732","538,515","806,195","440,910","1,429,168"
California,Female,25 to 39,1798257,"702,472","183,798","283,187","77,446","551,354"
California,Female,40 to 64,2151973,"716,826","236,197","421,892","167,718","609,340"
California,Female,65 and older,918290,"234,434","118,520","101,116","195,746","268,474"
Colorado,Total,25 and younger,1695602,"662,836","143,362","347,333","148,597","393,474"
Colorado,Total,25 to 39,605416,"259,517","48,251","118,471","31,072","148,105"
Colorado,Total,40 to 64,758888,"287,492","63,086","174,971","57,879","175,460"
Colorado,Total,65 and older,331298,"115,827","32,025","53,891","59,646","69,909"
Colorado,Male,25 and younger,828932,"390,912","41,059","193,943","34,466","168,552"
Colorado,Male,25 to 39,281318,"139,375","12,237","61,425","5,057","63,224"
Colorado,Male,40 to 64,371241,"169,247","19,088","93,253","13,436","76,217"
Colorado,Male,65 and older,176373,"82,290","9,734","39,265","15,973","29,111"
Colorado,Female,25 and younger,866670,"271,924","102,303","153,390","114,131","224,922"
Colorado,Female,25 to 39,324098,"120,142","36,014","57,046","26,015","84,881"
Colorado,Female,40 to 64,387647,"118,245","43,998","81,718","44,443","99,243"
Colorado,Female,65 and older,154925,"33,537","22,291","14,626","43,673","40,798"
Connecticut,Total,25 and younger,994548,"361,107","88,471","196,631","101,676","246,663"
Connecticut,Total,25 to 39,295900,"114,595","28,090","56,669","18,875","77,671"
Connecticut,Total,40 to 64,483267,"176,215","41,805","108,663","40,682","115,902"
Connecticut,Total,65 and older,215381,"70,297","18,576","31,299","42,119","53,090"
Connecticut,Male,25 and younger,467050,"208,953","24,020","112,709","21,766","99,602"
Connecticut,Male,25 to 39,133964,"60,438","8,275","28,286","4,080","32,885"
Connecticut,Male,40 to 64,222017,"100,396","10,980","59,435","6,946","44,260"
Connecticut,Male,65 and older,111069,"48,119","4,765","24,988","10,740","22,457"
Connecticut,Female,25 and younger,527498,"152,154","64,451","83,922","79,910","147,061"
Connecticut,Female,25 to 39,161936,"54,157","19,815","28,383","14,795","44,786"
Connecticut,Female,40 to 64,261250,"75,819","30,825","49,228","33,736","71,642"
Connecticut,Female,65 and older,104312,"22,178","13,811","6,311","31,379","30,633"
Delaware,Total,25 and younger,228199,"75,623","23,007","46,817","29,708","53,044"
Delaware,Total,25 to 39,62794,"24,190","6,691","11,375","5,608","14,930"
Delaware,Total,40 to 64,109016,"33,095","11,021","26,501","12,680","25,719"
Delaware,Total,65 and older,56389,"18,338","5,295","8,941","11,420","12,395"
Delaware,Male,25 and younger,106244,"43,705","4,628","27,291","6,302","24,318"
Delaware,Male,25 to 39,27733,"13,076","1,328","6,663",808,"5,858"
Delaware,Male,40 to 64,48326,"16,674","1,799","14,308","2,832","12,713"
Delaware,Male,65 and older,30185,"13,955","1,501","6,320","2,662","5,747"
Delaware,Female,25 and younger,121955,"31,918","18,379","19,526","23,406","28,726"
Delaware,Female,25 to 39,35061,"11,114","5,363","4,712","4,800","9,072"
Delaware,Female,40 to 64,60690,"16,421","9,222","12,193","9,848","13,006"
Delaware,Female,65 and older,26204,"4,383","3,794","2,621","8,758","6,648"
District of Columbia,Total,25 and younger,301429,"146,209","15,612","39,114","10,251","90,243"
District of Columbia,Total,25 to 39,163151,"87,205","8,255","21,642","2,601","43,448"
District of Columbia,Total,40 to 64,98432,"43,532","4,862","13,153","3,251","33,634"
District of Columbia,Total,65 and older,39846,"15,472","2,495","4,319","4,399","13,161"
District of Columbia,Male,25 and younger,143674,"75,929","5,041","19,339","2,165","41,200"
District of Columbia,Male,25 to 39,74998,"44,019","2,001","10,200",461,"18,317"
District of Columbia,Male,40 to 64,50044,"23,086","1,855","6,587","1,214","17,302"
District of Columbia,Male,65 and older,18632,"8,824","1,185","2,552",490,"5,581"
District of Columbia,Female,25 and younger,157755,"70,280","10,571","19,775","8,086","49,043"
District of Columbia,Female,25 to 39,88153,"43,186","6,254","11,442","2,140","25,131"
District of Columbia,Female,40 to 64,48388,"20,446","3,007","6,566","2,037","16,332"
District of Columbia,Female,65 and older,21214,"6,648","1,310","1,767","3,909","7,580"
Florida,Total,25 and younger,4753637,"1,520,631","510,325","1,155,695","613,501","953,485"
Florida,Total,25 to 39,1320063,"461,242","144,216","323,723","94,894","295,988"
Florida,Total,40 to 64,2119557,"654,486","243,418","568,169","232,151","421,333"
Florida,Total,65 and older,1314017,"404,903","122,691","263,803","286,456","236,164"
Florida,Male,25 and younger,2267835,"910,223","149,568","640,622","132,609","434,813"
Florida,Male,25 to 39,577263,"232,003","37,533","162,746","15,569","129,412"
Florida,Male,40 to 64,977235,"386,628","69,841","286,834","45,670","188,262"
Florida,Male,65 and older,713337,"291,592","42,194","191,042","71,370","117,139"
Florida,Female,25 and younger,2485802,"610,408","360,757","515,073","480,892","518,672"
Florida,Female,25 to 39,742800,"229,239","106,683","160,977","79,325","166,576"
Florida,Female,40 to 64,1142322,"267,858","173,577","281,335","186,481","233,071"
Florida,Female,65 and older,600680,"113,311","80,497","72,761","215,086","119,025"
Georgia,Total,25 and younger,2301568,"753,498","215,464","545,251","298,007","489,348"
Georgia,Total,25 to 39,762793,"273,580","73,100","165,952","64,071","186,090"
Georgia,Total,40 to 64,1130692,"358,003","103,629","303,504","140,632","224,924"
Georgia,Total,65 and older,408083,"121,915","38,735","75,795","93,304","78,334"
Georgia,Male,25 and younger,1040873,"430,564","55,695","294,763","56,893","202,958"
Georgia,Male,25 to 39,325006,"139,300","16,224","85,288","10,646","73,548"
Georgia,Male,40 to 64,506815,"206,374","26,724","154,093","26,243","93,381"
Georgia,Male,65 and older,209052,"84,890","12,747","55,382","20,004","36,029"
Georgia,Female,25 and younger,1260695,"322,934","159,769","250,488","241,114","286,390"
Georgia,Female,25 to 39,437787,"134,280","56,876","80,664","53,425","112,542"
Georgia,Female,40 to 64,623877,"151,629","76,905","149,411","114,389","131,543"
Georgia,Female,65 and older,199031,"37,025","25,988","20,413","73,300","42,305"
Hawaii,Total,25 and younger,335209,"123,327","34,687","67,549","38,313","71,333"
Hawaii,Total,25 to 39,104537,"40,516","11,889","19,996","6,801","25,335"
Hawaii,Total,40 to 64,145113,"53,255","15,952","33,572","12,195","30,139"
Hawaii,Total,65 and older,85559,"29,556","6,846","13,981","19,317","15,859"
Hawaii,Male,25 and younger,151949,"69,449","9,076","34,044","8,840","30,540"
Hawaii,Male,25 to 39,42989,"18,146","3,520","8,811","1,601","10,911"
Hawaii,Male,40 to 64,65836,"31,011","3,996","15,233","2,851","12,745"
Hawaii,Male,65 and older,43124,"20,292","1,560","10,000","4,388","6,884"
Hawaii,Female,25 and younger,183260,"53,878","25,611","33,505","29,473","40,793"
Hawaii,Female,25 to 39,61548,"22,370","8,369","11,185","5,200","14,424"
Hawaii,Female,40 to 64,79277,"22,244","11,956","18,339","9,344","17,394"
Hawaii,Female,65 and older,42435,"9,264","5,286","3,981","14,929","8,975"
Idaho,Total,25 and younger,336655,"118,537","38,379","57,425","47,578","74,736"
Idaho,Total,25 to 39,102859,"35,172","12,571","17,554","9,823","27,739"
Idaho,Total,40 to 64,152911,"54,895","16,603","28,688","20,441","32,284"
Idaho,Total,65 and older,80885,"28,470","9,205","11,183","17,314","14,713"
Idaho,Male,25 and younger,164674,"74,908","10,971","32,660","12,913","33,222"
Idaho,Male,25 to 39,46887,"19,515","2,887","10,579","2,758","11,148"
Idaho,Male,40 to 64,73544,"34,408","4,439","14,738","4,545","15,414"
Idaho,Male,65 and older,44243,"20,985","3,645","7,343","5,610","6,660"
Idaho,Female,25 and younger,171981,"43,629","27,408","24,765","34,665","41,514"
Idaho,Female,25 to 39,55972,"15,657","9,684","6,975","7,065","16,591"
Idaho,Female,40 to 64,79367,"20,487","12,164","13,950","15,896","16,870"
Idaho,Female,65 and older,36642,"7,485","5,560","3,840","11,704","8,053"
Illinois,Total,25 and younger,3108972,"1,045,224","310,047","662,118","376,087","715,496"
Illinois,Total,25 to 39,1111553,"409,331","107,666","225,461","82,373","286,722"
Illinois,Total,40 to 64,1434519,"462,892","148,983","346,901","160,767","314,976"
Illinois,Total,65 and older,562900,"173,001","53,398","89,756","132,947","113,798"
Illinois,Male,25 and younger,1464965,"622,038","89,420","358,287","82,990","312,230"
Illinois,Male,25 to 39,513769,"224,460","29,552","120,308","16,859","122,590"
Illinois,Male,40 to 64,665420,"274,008","43,007","175,465","34,552","138,388"
Illinois,Male,65 and older,285776,"123,570","16,861","62,514","31,579","51,252"
Illinois,Female,25 and younger,1644007,"423,186","220,627","303,831","293,097","403,266"
Illinois,Female,25 to 39,597784,"184,871","78,114","105,153","65,514","164,132"
Illinois,Female,40 to 64,769099,"188,884","105,976","171,436","126,215","176,588"
Illinois,Female,65 and older,277124,"49,431","36,537","27,242","101,368","62,546"
Indiana,Total,25 and younger,1212826,"357,868","148,031","254,878","190,166","261,883"
Indiana,Total,25 to 39,409177,"134,837","53,034","76,965","42,702","101,639"
Indiana,Total,40 to 64,568255,"160,938","68,673","141,072","81,573","115,999"
Indiana,Total,65 and older,235394,"62,093","26,324","36,841","65,891","44,245"
Indiana,Male,25 and younger,570100,"220,231","45,180","139,389","48,629","116,671"
Indiana,Male,25 to 39,184530,"76,491","14,729","39,953","8,681","44,676"
Indiana,Male,40 to 64,265094,"97,909","21,997","71,036","21,315","52,837"
Indiana,Male,65 and older,120476,"45,831","8,454","28,400","18,633","19,158"
Indiana,Female,25 and younger,642726,"137,637","102,851","115,489","141,537","145,212"
Indiana,Female,25 to 39,224647,"58,346","38,305","37,012","34,021","56,963"
Indiana,Female,40 to 64,303161,"63,029","46,676","70,036","60,258","63,162"
Indiana,Female,65 and older,114918,"16,262","17,870","8,441","47,258","25,087"
Iowa,Total,25 and younger,622253,"191,585","61,347","124,622","112,723","131,976"
Iowa,Total,25 to 39,218422,"73,701","20,335","46,735","26,326","51,325"
Iowa,Total,40 to 64,273346,"84,905","27,732","61,461","42,271","56,977"
Iowa,Total,65 and older,130485,"32,979","13,280","16,426","44,126","23,674"
Iowa,Male,25 and younger,288308,"120,334","15,364","69,871","29,155","53,584"
Iowa,Male,25 to 39,96756,"41,317","5,074","24,911","5,537","19,917"
Iowa,Male,40 to 64,126471,"53,639","6,493","32,521","10,868","22,950"
Iowa,Male,65 and older,65081,"25,378","3,797","12,439","12,750","10,717"
Iowa,Female,25 and younger,333945,"71,251","45,983","54,751","83,568","78,392"
Iowa,Female,25 to 39,121666,"32,384","15,261","21,824","20,789","31,408"
Iowa,Female,40 to 64,146875,"31,266","21,239","28,940","31,403","34,027"
Iowa,Female,65 and older,65404,"7,601","9,483","3,987","31,376","12,957"
Kansas,Total,25 and younger,652489,"191,504","71,209","136,103","113,425","140,248"
Kansas,Total,25 to 39,216958,"69,667","25,055","42,224","26,206","53,806"
Kansas,Total,40 to 64,291599,"84,124","33,326","69,107","45,954","59,088"
Kansas,Total,65 and older,143932,"37,713","12,828","24,772","41,265","27,354"
Kansas,Male,25 and younger,305711,"123,015","19,005","75,793","28,005","59,893"
Kansas,Male,25 to 39,96457,"41,453","5,107","23,128","5,111","21,658"
Kansas,Male,40 to 64,135624,"53,396","9,393","34,756","12,213","25,866"
Kansas,Male,65 and older,73630,"28,166","4,505","17,909","10,681","12,369"
Kansas,Female,25 and younger,346778,"68,489","52,204","60,310","85,420","80,355"
Kansas,Female,25 to 39,120501,"28,214","19,948","19,096","21,095","32,148"
Kansas,Female,40 to 64,155975,"30,728","23,933","34,351","33,741","33,222"
Kansas,Female,65 and older,70302,"9,547","8,323","6,863","30,584","14,985"
Kentucky,Total,25 and younger,765923,"215,874","90,610","152,929","123,079","183,431"
Kentucky,Total,25 to 39,259353,"79,686","31,267","51,037","25,771","71,592"
Kentucky,Total,40 to 64,349833,"94,395","46,097","76,723","53,876","78,742"
Kentucky,Total,65 and older,156737,"41,793","13,246","25,169","43,432","33,097"
Kentucky,Male,25 and younger,349170,"128,571","23,251","85,315","28,788","83,245"
Kentucky,Male,25 to 39,113495,"41,983","7,050","28,188","5,264","31,010"
Kentucky,Male,40 to 64,154605,"55,052","11,627","38,761","12,008","37,157"
Kentucky,Male,65 and older,81070,"31,536","4,574","18,366","11,516","15,078"
Kentucky,Female,25 and younger,416753,"87,303","67,359","67,614","94,291","100,186"
Kentucky,Female,25 to 39,145858,"37,703","24,217","22,849","20,507","40,582"
Kentucky,Female,40 to 64,195228,"39,343","34,470","37,962","41,868","41,585"
Kentucky,Female,65 and older,75667,"10,257","8,672","6,803","31,916","18,019"
Louisiana,Total,25 and younger,784275,"226,007","103,021","151,884","126,033","177,330"
Louisiana,Total,25 to 39,270420,"92,716","35,547","49,494","19,909","72,754"
Louisiana,Total,40 to 64,345425,"92,680","49,481","73,412","54,978","74,874"
Louisiana,Total,65 and older,168430,"40,611","17,993","28,978","51,146","29,702"
Louisiana,Male,25 and younger,340662,"127,874","26,095","81,031","23,289","82,373"
Louisiana,Male,25 to 39,111212,"45,093","8,394","23,684","3,254","30,787"
Louisiana,Male,40 to 64,147709,"54,272","10,917","36,946","8,664","36,910"
Louisiana,Male,65 and older,81741,"28,509","6,784","20,401","11,371","14,676"
Louisiana,Female,25 and younger,443613,"98,133","76,926","70,853","102,744","94,957"
Louisiana,Female,25 to 39,159208,"47,623","27,153","25,810","16,655","41,967"
Louisiana,Female,40 to 64,197716,"38,408","38,564","36,466","46,314","37,964"
Louisiana,Female,65 and older,86689,"12,102","11,209","8,577","39,775","15,026"
Maine,Total,25 and younger,328999,"110,698","36,869","43,850","45,789","91,793"
Maine,Total,25 to 39,85991,"30,159","11,130","9,355","7,253","28,094"
Maine,Total,40 to 64,151606,"50,091","17,762","25,810","17,247","40,696"
Maine,Total,65 and older,91402,"30,448","7,977","8,685","21,289","23,003"
Maine,Male,25 and younger,145139,"61,034","8,598","24,300","12,712","38,495"
Maine,Male,25 to 39,34457,"14,005","2,239","4,649","1,325","12,239"
Maine,Male,40 to 64,64017,"25,955","4,510","13,249","4,182","16,121"
Maine,Male,65 and older,46665,"21,074","1,849","6,402","7,205","10,135"
Maine,Female,25 and younger,183860,"49,664","28,271","19,550","33,077","53,298"
Maine,Female,25 to 39,51534,"16,154","8,891","4,706","5,928","15,855"
Maine,Female,40 to 64,87589,"24,136","13,252","12,561","13,065","24,575"
Maine,Female,65 and older,44737,"9,374","6,128","2,283","14,084","12,868"
Maryland,Total,25 and younger,1710230,"699,103","155,344","317,385","151,937","386,461"
Maryland,Total,25 to 39,543158,"228,361","51,928","93,636","31,740","137,493"
Maryland,Total,40 to 64,824843,"338,275","70,571","178,652","60,868","176,477"
Maryland,Total,65 and older,342229,"132,467","32,845","45,097","59,329","72,491"
Maryland,Male,25 and younger,785418,"394,216","38,409","161,260","32,424","159,109"
Maryland,Male,25 to 39,237450,"118,832","12,837","45,167","6,569","54,045"
Maryland,Male,40 to 64,375213,"186,317","16,705","85,808","12,847","73,536"
Maryland,Male,65 and older,172755,"89,067","8,867","30,285","13,008","31,528"
Maryland,Female,25 and younger,924812,"304,887","116,935","156,125","119,513","227,352"
Maryland,Female,25 to 39,305708,"109,529","39,091","48,469","25,171","83,448"
Maryland,Female,40 to 64,449630,"151,958","53,866","92,844","48,021","102,941"
Maryland,Female,65 and older,169474,"43,400","23,978","14,812","46,321","40,963"
Massachusetts,Total,25 and younger,2181743,"888,818","192,860","387,672","184,168","528,225"
Massachusetts,Total,25 to 39,768136,"338,022","65,281","136,836","38,115","189,882"
Massachusetts,Total,40 to 64,998486,"409,116","86,524","198,632","70,988","233,226"
Massachusetts,Total,65 and older,415121,"141,680","41,055","52,204","75,065","105,117"
Massachusetts,Male,25 and younger,1022259,"497,483","46,577","220,591","36,389","221,219"
Massachusetts,Male,25 to 39,353593,"176,251","15,081","76,183","7,419","78,659"
Massachusetts,Male,40 to 64,464398,"229,715","20,790","105,107","12,446","96,340"
Massachusetts,Male,65 and older,204268,"91,517","10,706","39,301","16,524","46,220"
Massachusetts,Female,25 and younger,1159484,"391,335","146,283","167,081","147,779","307,006"
Massachusetts,Female,25 to 39,414543,"161,771","50,200","60,653","30,696","111,223"
Massachusetts,Female,40 to 64,534088,"179,401","65,734","93,525","58,542","136,886"
Massachusetts,Female,65 and older,210853,"50,163","30,349","12,903","58,541","58,897"
Michigan,Total,25 and younger,2070795,"694,052","231,516","438,527","274,144","432,556"
Michigan,Total,25 to 39,658969,"244,303","75,858","129,329","52,135","157,344"
Michigan,Total,40 to 64,961555,"320,118","110,004","235,885","107,042","188,506"
Michigan,Total,65 and older,450271,"129,631","45,654","73,313","114,967","86,706"
Michigan,Male,25 and younger,982192,"429,576","67,140","234,427","66,609","184,440"
Michigan,Male,25 to 39,302029,"137,600","22,339","68,558","10,813","62,719"
Michigan,Male,40 to 64,446274,"195,810","29,635","114,716","24,565","81,548"
Michigan,Male,65 and older,233889,"96,166","15,166","51,153","31,231","40,173"
Michigan,Female,25 and younger,1088603,"264,476","164,376","204,100","207,535","248,116"
Michigan,Female,25 to 39,356940,"106,703","53,519","60,771","41,322","94,625"
Michigan,Female,40 to 64,515281,"124,308","80,369","121,169","82,477","106,958"
Michigan,Female,65 and older,216382,"33,465","30,488","22,160","83,736","46,533"
Minnesota,Total,25 and younger,1433226,"496,235","138,996","283,017","194,355","320,623"
Minnesota,Total,25 to 39,499810,"187,262","48,373","99,167","43,360","121,648"
Minnesota,Total,40 to 64,658940,"225,389","63,405","148,193","79,396","142,557"
Minnesota,Total,65 and older,274476,"83,584","27,218","35,657","71,599","56,418"
Minnesota,Male,25 and younger,676302,"295,922","32,408","161,641","54,638","131,693"
Minnesota,Male,25 to 39,226348,"101,876","10,086","55,162","12,022","47,202"
Minnesota,Male,40 to 64,307414,"132,464","15,288","79,930","21,606","58,126"
Minnesota,Male,65 and older,142540,"61,582","7,034","26,549","21,010","26,365"
Minnesota,Female,25 and younger,756924,"200,313","106,588","121,376","139,717","188,930"
Minnesota,Female,25 to 39,273462,"85,386","38,287","44,005","31,338","74,446"
Minnesota,Female,40 to 64,351526,"92,925","48,117","68,263","57,790","84,431"
Minnesota,Female,65 and older,131936,"22,002","20,184","9,108","50,589","30,053"
Mississippi,Total,25 and younger,441751,"119,797","55,479","90,107","92,391","83,977"
Mississippi,Total,25 to 39,128828,"40,371","19,190","24,043","17,274","27,950"
Mississippi,Total,40 to 64,207951,"53,894","27,372","47,548","39,734","39,403"
Mississippi,Total,65 and older,104972,"25,532","8,917","18,516","35,383","16,624"
Mississippi,Male,25 and younger,185595,"68,269","14,765","48,540","20,853","33,168"
Mississippi,Male,25 to 39,51923,"18,950","4,837","13,004","4,135","10,997"
Mississippi,Male,40 to 64,82688,"30,945","6,913","22,456","6,729","15,645"
Mississippi,Male,65 and older,50984,"18,374","3,015","13,080","9,989","6,526"
Mississippi,Female,25 and younger,256156,"51,528","40,714","41,567","71,538","50,809"
Mississippi,Female,25 to 39,76905,"21,421","14,353","11,039","13,139","16,953"
Mississippi,Female,40 to 64,125263,"22,949","20,459","25,092","33,005","23,758"
Mississippi,Female,65 and older,53988,"7,158","5,902","5,436","25,394","10,098"
Missouri,Total,25 and younger,1271281,"383,824","137,570","277,875","195,694","276,318"
Missouri,Total,25 to 39,439363,"140,900","49,940","94,582","45,943","107,998"
Missouri,Total,40 to 64,577700,"169,968","62,682","139,940","82,434","122,676"
Missouri,Total,65 and older,254218,"72,956","24,948","43,353","67,317","45,644"
Missouri,Male,25 and younger,588139,"230,130","37,572","150,837","47,417","122,183"
Missouri,Male,25 to 39,192916,"74,819","13,633","48,562","10,164","45,738"
Missouri,Male,40 to 64,263373,"101,908","16,202","71,823","19,329","54,111"
Missouri,Male,65 and older,131850,"53,403","7,737","30,452","17,924","22,334"
Missouri,Female,25 and younger,683142,"153,694","99,998","127,038","148,277","154,135"
Missouri,Female,25 to 39,246447,"66,081","36,307","46,020","35,779","62,260"
Missouri,Female,40 to 64,314327,"68,060","46,480","68,117","63,105","68,565"
Missouri,Female,65 and older,122368,"19,553","17,211","12,901","49,393","23,310"
Montana,Total,25 and younger,249148,"91,330","26,830","39,144","41,101","50,743"
Montana,Total,25 to 39,77249,"29,227","9,127","13,351","8,140","17,404"
Montana,Total,40 to 64,109034,"41,489","10,889","18,455","16,983","21,218"
Montana,Total,65 and older,62865,"20,614","6,814","7,338","15,978","12,121"
Montana,Male,25 and younger,120349,"55,474","8,403","22,901","11,583","21,988"
Montana,Male,25 to 39,36095,"15,440","3,180","7,181","2,245","8,049"
Montana,Male,40 to 64,50472,"24,849","2,501","10,227","4,204","8,691"
Montana,Male,65 and older,33782,"15,185","2,722","5,493","5,134","5,248"
Montana,Female,25 and younger,128799,"35,856","18,427","16,243","29,518","28,755"
Montana,Female,25 to 39,41154,"13,787","5,947","6,170","5,895","9,355"
Montana,Female,40 to 64,58562,"16,640","8,388","8,228","12,779","12,527"
Montana,Female,65 and older,29083,"5,429","4,092","1,845","10,844","6,873"
Nebraska,Total,25 and younger,422587,"118,504","44,260","92,464","76,156","91,203"
Nebraska,Total,25 to 39,156131,"50,899","16,597","30,374","19,899","38,362"
Nebraska,Total,40 to 64,187241,"50,736","17,901","49,002","30,112","39,490"
Nebraska,Total,65 and older,79215,"16,869","9,762","13,088","26,145","13,351"
Nebraska,Male,25 and younger,197284,"70,657","9,368","54,649","20,552","42,058"
Nebraska,Male,25 to 39,67464,"25,275","3,212","17,405","4,514","17,058"
Nebraska,Male,40 to 64,88774,"31,903","3,788","27,471","7,051","18,561"
Nebraska,Male,65 and older,41046,"13,479","2,368","9,773","8,987","6,439"
Nebraska,Female,25 and younger,225303,"47,847","34,892","37,815","55,604","49,145"
Nebraska,Female,25 to 39,88667,"25,624","13,385","12,969","15,385","21,304"
Nebraska,Female,40 to 64,98467,"18,833","14,113","21,531","23,061","20,929"
Nebraska,Female,65 and older,38169,"3,390","7,394","3,315","17,158","6,912"
Nevada,Total,25 and younger,548919,"176,990","57,907","125,194","66,172","122,656"
Nevada,Total,25 to 39,168588,"55,948","17,540","37,666","15,284","42,150"
Nevada,Total,40 to 64,244542,"75,985","27,507","60,858","25,052","55,140"
Nevada,Total,65 and older,135789,"45,057","12,860","26,670","25,836","25,366"
Nevada,Male,25 and younger,263386,"105,117","16,603","68,664","18,239","54,763"
Nevada,Male,25 to 39,74086,"29,243","5,680","18,728","3,172","17,263"
Nevada,Male,40 to 64,115498,"43,914","7,368","31,720","6,807","25,689"
Nevada,Male,65 and older,73802,"31,960","3,555","18,216","8,260","11,811"
Nevada,Female,25 and younger,285533,"71,873","41,304","56,530","47,933","67,893"
Nevada,Female,25 to 39,94502,"26,705","11,860","18,938","12,112","24,887"
Nevada,Female,40 to 64,129044,"32,071","20,139","29,138","18,245","29,451"
Nevada,Female,65 and older,61987,"13,097","9,305","8,454","17,576","13,555"
New Hampshire,Total,25 and younger,368237,"137,622","36,642","69,922","39,679","84,372"
New Hampshire,Total,25 to 39,104653,"41,275","10,697","19,218","6,259","27,204"
New Hampshire,Total,40 to 64,175760,"66,316","17,982","36,303","16,542","38,617"
New Hampshire,Total,65 and older,87824,"30,031","7,963","14,401","16,878","18,551"
New Hampshire,Male,25 and younger,171451,"79,027","9,774","37,991","7,938","36,721"
New Hampshire,Male,25 to 39,46574,"20,341","3,157","10,945",954,"11,177"
New Hampshire,Male,40 to 64,79326,"37,220","4,761","16,816","2,748","17,781"
New Hampshire,Male,65 and older,45551,"21,466","1,856","10,230","4,236","7,763"
New Hampshire,Female,25 and younger,196786,"58,595","26,868","31,931","31,741","47,651"
New Hampshire,Female,25 to 39,58079,"20,934","7,540","8,273","5,305","16,027"
New Hampshire,Female,40 to 64,96434,"29,096","13,221","19,487","13,794","20,836"
New Hampshire,Female,65 and older,42273,"8,565","6,107","4,171","12,642","10,788"
New Jersey,Total,25 and younger,2551765,"965,254","225,607","551,474","268,203","541,227"
New Jersey,Total,25 to 39,829794,"336,999","69,321","170,284","60,459","192,731"
New Jersey,Total,40 to 64,1246433,"462,285","113,793","303,569","109,456","257,330"
New Jersey,Total,65 and older,475538,"165,970","42,493","77,621","98,288","91,166"
New Jersey,Male,25 and younger,1213828,"550,850","65,574","306,859","57,122","233,423"
New Jersey,Male,25 to 39,376463,"173,313","21,119","88,554","11,696","81,781"
New Jersey,Male,40 to 64,591688,"265,204","32,105","161,490","22,750","110,139"
New Jersey,Male,65 and older,245677,"112,333","12,350","56,815","22,676","41,503"
New Jersey,Female,25 and younger,1337937,"414,404","160,033","244,615","211,081","307,804"
New Jersey,Female,25 to 39,453331,"163,686","48,202","81,730","48,763","110,950"
New Jersey,Female,40 to 64,654745,"197,081","81,688","142,079","86,706","147,191"
New Jersey,Female,65 and older,229861,"53,637","30,143","20,806","75,612","49,663"
New Mexico,Total,25 and younger,394598,"147,820","41,657","54,692","57,259","93,170"
New Mexico,Total,25 to 39,106028,"43,253","12,283","11,269","9,553","29,670"
New Mexico,Total,40 to 64,169081,"65,519","18,336","28,739","21,795","34,692"
New Mexico,Total,65 and older,119489,"39,048","11,038","14,684","25,911","28,808"
New Mexico,Male,25 and younger,179680,"83,178","13,261","28,199","15,664","39,378"
New Mexico,Male,25 to 39,46313,"20,836","3,642","5,603","3,396","12,836"
New Mexico,Male,40 to 64,73841,"36,187","5,338","12,174","5,410","14,732"
New Mexico,Male,65 and older,59526,"26,155","4,281","10,422","6,858","11,810"
New Mexico,Female,25 and younger,214918,"64,642","28,396","26,493","41,595","53,792"
New Mexico,Female,25 to 39,59715,"22,417","8,641","5,666","6,157","16,834"
New Mexico,Female,40 to 64,95240,"29,332","12,998","16,565","16,385","19,960"
New Mexico,Female,65 and older,59963,"12,893","6,757","4,262","19,053","16,998"
New York,Total,25 and younger,5166218,"1,789,079","479,671","964,887","545,542","1,387,039"
New York,Total,25 to 39,1923328,"687,847","171,867","373,736","128,548","561,330"
New York,Total,40 to 64,2253644,"777,646","215,921","470,134","223,148","566,795"
New York,Total,65 and older,989246,"323,586","91,883","121,017","193,846","258,914"
New York,Male,25 and younger,2374327,"993,558","134,007","518,561","124,703","603,498"
New York,Male,25 to 39,866998,"354,724","48,875","195,587","27,933","239,879"
New York,Male,40 to 64,1024485,"432,850","57,816","237,410","51,104","245,305"
New York,Male,65 and older,482844,"205,984","27,316","85,564","45,666","118,314"
New York,Female,25 and younger,2791891,"795,521","345,664","446,326","420,839","783,541"
New York,Female,25 to 39,1056330,"333,123","122,992","178,149","100,615","321,451"
New York,Female,40 to 64,1229159,"344,796","158,105","232,724","172,044","321,490"
New York,Female,65 and older,506402,"117,602","64,567","35,453","148,180","140,600"
North Carolina,Total,25 and younger,2321185,"800,921","233,162","471,697","280,963","534,442"
North Carolina,Total,25 to 39,737161,"277,349","75,726","131,601","58,090","194,395"
North Carolina,Total,40 to 64,1108616,"379,779","113,347","262,245","112,066","241,179"
North Carolina,Total,65 and older,475408,"143,793","44,089","77,851","110,807","98,868"
North Carolina,Male,25 and younger,1051730,"461,980","59,967","247,236","53,236","229,311"
North Carolina,Male,25 to 39,314558,"144,872","16,081","61,554","9,757","82,294"
North Carolina,Male,40 to 64,499781,"217,515","31,108","129,184","20,470","101,504"
North Carolina,Male,65 and older,237391,"99,593","12,778","56,498","23,009","45,513"
North Carolina,Female,25 and younger,1269455,"338,941","173,195","224,461","227,727","305,131"
North Carolina,Female,25 to 39,422603,"132,477","59,645","70,047","48,333","112,101"
North Carolina,Female,40 to 64,608835,"162,264","82,239","133,061","91,596","139,675"
North Carolina,Female,65 and older,238017,"44,200","31,311","21,353","87,798","53,355"
North Dakota,Total,25 and younger,153397,"42,009","24,017","31,208","29,033","27,130"
North Dakota,Total,25 to 39,60715,"17,589","10,498","11,779","7,180","13,669"
North Dakota,Total,40 to 64,64094,"17,504","9,302","15,581","12,055","9,652"
North Dakota,Total,65 and older,28588,"6,916","4,217","3,848","9,798","3,809"
North Dakota,Male,25 and younger,68538,"26,628","4,810","17,009","8,260","11,831"
North Dakota,Male,25 to 39,26020,"9,451","1,580","6,657","2,219","6,113"
North Dakota,Male,40 to 64,28092,"11,890","1,881","7,463","2,983","3,875"
North Dakota,Male,65 and older,14426,"5,287","1,349","2,889","3,058","1,843"
North Dakota,Female,25 and younger,84859,"15,381","19,207","14,199","20,773","15,299"
North Dakota,Female,25 to 39,34695,"8,138","8,918","5,122","4,961","7,556"
North Dakota,Female,40 to 64,36002,"5,614","7,421","8,118","9,072","5,777"
North Dakota,Female,65 and older,14162,"1,629","2,868",959,"6,740","1,966"
Ohio,Total,25 and younger,2356585,"726,748","277,212","503,277","351,202","498,146"
Ohio,Total,25 to 39,784915,"267,196","97,874","154,190","74,234","191,421"
Ohio,Total,40 to 64,1088992,"326,329","133,535","268,812","138,458","221,858"
Ohio,Total,65 and older,482678,"133,223","45,803","80,275","138,510","84,867"
Ohio,Male,25 and younger,1105502,"444,488","73,416","282,918","88,420","216,260"
Ohio,Male,25 to 39,353231,"151,504","24,966","80,787","17,422","78,552"
Ohio,Male,40 to 64,503700,"195,685","34,618","142,988","33,383","97,026"
Ohio,Male,65 and older,248571,"97,299","13,832","59,143","37,615","40,682"
Ohio,Female,25 and younger,1251083,"282,260","203,796","220,359","262,782","281,886"
Ohio,Female,25 to 39,431684,"115,692","72,908","73,403","56,812","112,869"
Ohio,Female,40 to 64,585292,"130,644","98,917","125,824","105,075","124,832"
Ohio,Female,65 and older,234107,"35,924","31,971","21,132","100,895","44,185"
Oklahoma,Total,25 and younger,686509,"200,274","70,853","154,362","124,801","136,219"
Oklahoma,Total,25 to 39,216998,"71,725","23,252","47,072","23,381","51,568"
Oklahoma,Total,40 to 64,312070,"85,053","33,616","78,242","55,106","60,053"
Oklahoma,Total,65 and older,157441,"43,496","13,985","29,048","46,314","24,598"
Oklahoma,Male,25 and younger,319102,"122,824","22,610","82,393","30,950","60,325"
Oklahoma,Male,25 to 39,94132,"38,081","6,869","23,335","4,941","20,906"
Oklahoma,Male,40 to 64,141875,"51,068","11,244","38,207","13,100","28,256"
Oklahoma,Male,65 and older,83095,"33,675","4,497","20,851","12,909","11,163"
Oklahoma,Female,25 and younger,367407,"77,450","48,243","71,969","93,851","75,894"
Oklahoma,Female,25 to 39,122866,"33,644","16,383","23,737","18,440","30,662"
Oklahoma,Female,40 to 64,170195,"33,985","22,372","40,035","42,006","31,797"
Oklahoma,Female,65 and older,74346,"9,821","9,488","8,197","33,405","13,435"
Oregon,Total,25 and younger,1032316,"420,064","86,986","149,989","110,849","264,428"
Oregon,Total,25 to 39,330432,"146,803","28,125","43,862","17,073","94,569"
Oregon,Total,40 to 64,452128,"184,539","36,993","77,904","40,108","112,584"
Oregon,Total,65 and older,249756,"88,722","21,868","28,223","53,668","57,275"
Oregon,Male,25 and younger,489080,"242,088","24,890","81,980","29,149","110,973"
Oregon,Male,25 to 39,145881,"74,942","6,126","24,483","3,342","36,988"
Oregon,Male,40 to 64,214065,"105,419","11,077","38,361","11,222","47,986"
Oregon,Male,65 and older,129134,"61,727","7,687","19,136","14,585","25,999"
Oregon,Female,25 and younger,543236,"177,976","62,096","68,009","81,700","153,455"
Oregon,Female,25 to 39,184551,"71,861","21,999","19,379","13,731","57,581"
Oregon,Female,40 to 64,238063,"79,120","25,916","39,543","28,886","64,598"
Oregon,Female,65 and older,120622,"26,995","14,181","9,087","39,083","31,276"
Pennsylvania,Total,25 and younger,2917402,"972,658","325,160","557,288","402,944","659,352"
Pennsylvania,Total,25 to 39,1000799,"362,724","106,816","188,274","85,664","257,321"
Pennsylvania,Total,40 to 64,1315048,"428,902","157,403","286,394","158,220","284,129"
Pennsylvania,Total,65 and older,601555,"181,032","60,941","82,620","159,060","117,902"
Pennsylvania,Male,25 and younger,1377441,"577,821","80,964","323,941","106,089","288,626"
Pennsylvania,Male,25 to 39,459165,"194,035","27,284","107,611","18,003","112,232"
Pennsylvania,Male,40 to 64,605481,"252,906","36,144","155,315","41,190","119,926"
Pennsylvania,Male,65 and older,312795,"130,880","17,536","61,015","46,896","56,468"
Pennsylvania,Female,25 and younger,1539961,"394,837","244,196","233,347","296,855","370,726"
Pennsylvania,Female,25 to 39,541634,"168,689","79,532","80,663","67,661","145,089"
Pennsylvania,Female,40 to 64,709567,"175,996","121,259","131,079","117,030","164,203"
Pennsylvania,Female,65 and older,288760,"50,152","43,405","21,605","112,164","61,434"
Rhode Island,Total,25 and younger,260275,"90,446","25,154","47,251","29,657","67,767"
Rhode Island,Total,25 to 39,90229,"33,914","9,117","17,075","5,365","24,758"
Rhode Island,Total,40 to 64,115116,"40,441","11,067","23,146","12,894","27,568"
Rhode Island,Total,65 and older,54930,"16,091","4,970","7,030","11,398","15,441"
Rhode Island,Male,25 and younger,122090,"51,211","5,892","29,010","6,876","29,101"
Rhode Island,Male,25 to 39,41423,"17,036","2,419","9,896",893,"11,179"
Rhode Island,Male,40 to 64,53375,"23,179","2,599","13,447","2,853","11,297"
Rhode Island,Male,65 and older,27292,"10,996",874,"5,667","3,130","6,625"
Rhode Island,Female,25 and younger,138185,"39,235","19,262","18,241","22,781","38,666"
Rhode Island,Female,25 to 39,48806,"16,878","6,698","7,179","4,472","13,579"
Rhode Island,Female,40 to 64,61741,"17,262","8,468","9,699","10,041","16,271"
Rhode Island,Female,65 and older,27638,"5,095","4,096","1,363","8,268","8,816"
South Carolina,Total,25 and younger,1054559,"327,661","106,360","244,608","158,539","217,391"
South Carolina,Total,25 to 39,316291,"105,508","34,079","69,205","31,166","76,333"
South Carolina,Total,40 to 64,475077,"144,768","48,824","124,523","63,517","93,445"
South Carolina,Total,65 and older,263191,"77,385","23,457","50,880","63,856","47,613"
South Carolina,Male,25 and younger,482563,"190,893","26,509","137,994","31,553","95,614"
South Carolina,Male,25 to 39,136217,"53,419","6,406","36,021","6,709","33,662"
South Carolina,Male,40 to 64,209310,"80,453","11,232","64,460","11,863","41,302"
South Carolina,Male,65 and older,137036,"57,021","8,871","37,513","12,981","20,650"
South Carolina,Female,25 and younger,571996,"136,768","79,851","106,614","126,986","121,777"
South Carolina,Female,25 to 39,180074,"52,089","27,673","33,184","24,457","42,671"
South Carolina,Female,40 to 64,265767,"64,315","37,592","60,063","51,654","52,143"
South Carolina,Female,65 and older,126155,"20,364","14,586","13,367","50,875","26,963"
South Dakota,Total,25 and younger,174784,"52,834","22,384","34,722","34,004","30,840"
South Dakota,Total,25 to 39,60412,"19,712","8,455","12,567","7,250","12,428"
South Dakota,Total,40 to 64,76249,"22,341","9,368","16,303","14,438","13,799"
South Dakota,Total,65 and older,38123,"10,781","4,561","5,852","12,316","4,613"
South Dakota,Male,25 and younger,83494,"33,925","5,595","19,586","9,651","14,737"
South Dakota,Male,25 to 39,28744,"12,000","1,633","6,695","1,784","6,632"
South Dakota,Male,40 to 64,35011,"13,675","2,619","9,169","3,390","6,158"
South Dakota,Male,65 and older,19739,"8,250","1,343","3,722","4,477","1,947"
South Dakota,Female,25 and younger,91290,"18,909","16,789","15,136","24,353","16,103"
South Dakota,Female,25 to 39,31668,"7,712","6,822","5,872","5,466","5,796"
South Dakota,Female,40 to 64,41238,"8,666","6,749","7,134","11,048","7,641"
South Dakota,Female,65 and older,18384,"2,531","3,218","2,130","7,839","2,666"
Tennessee,Total,25 and younger,1348224,"414,948","142,105","302,281","184,641","304,249"
Tennessee,Total,25 to 39,460269,"150,113","51,493","95,470","38,914","124,279"
Tennessee,Total,40 to 64,625189,"187,393","64,523","159,427","81,807","132,039"
Tennessee,Total,65 and older,262766,"77,442","26,089","47,384","63,920","47,931"
Tennessee,Male,25 and younger,612435,"240,976","36,512","163,513","37,615","133,819"
Tennessee,Male,25 to 39,196268,"76,984","11,315","49,367","7,162","51,440"
Tennessee,Male,40 to 64,280234,"106,718","17,161","81,042","14,861","60,452"
Tennessee,Male,65 and older,135933,"57,274","8,036","33,104","15,592","21,927"
Tennessee,Female,25 and younger,735789,"173,972","105,593","138,768","147,026","170,430"
Tennessee,Female,25 to 39,264001,"73,129","40,178","46,103","31,752","72,839"
Tennessee,Female,40 to 64,344955,"80,675","47,362","78,385","66,946","71,587"
Tennessee,Female,65 and older,126833,"20,168","18,053","14,280","48,328","26,004"
Texas,Total,25 and younger,5776533,"2,034,598","552,412","1,340,690","686,845","1,161,988"
Texas,Total,25 to 39,2087676,"801,160","213,257","436,053","153,627","483,579"
Texas,Total,40 to 64,2665637,"914,044","249,060","701,520","299,017","501,996"
Texas,Total,65 and older,1023220,"319,394","90,095","203,117","234,201","176,413"
Texas,Male,25 and younger,2784546,"1,229,255","173,734","731,474","139,350","510,733"
Texas,Male,25 to 39,949187,"430,219","60,050","224,919","23,566","210,433"
Texas,Male,40 to 64,1282957,"559,546","81,951","358,703","62,365","220,392"
Texas,Male,65 and older,552402,"239,490","31,733","147,852","53,419","79,908"
Texas,Female,25 and younger,2991987,"805,343","378,678","609,216","547,495","651,255"
Texas,Female,25 to 39,1138489,"370,941","153,207","211,134","130,061","273,146"
Texas,Female,40 to 64,1382680,"354,498","167,109","342,817","236,652","281,604"
Texas,Female,65 and older,470818,"79,904","58,362","55,265","180,782","96,505"
Utah,Total,25 and younger,664661,"219,390","68,981","128,000","83,000","165,290"
Utah,Total,25 to 39,257758,"87,798","29,565","46,241","21,718","72,436"
Utah,Total,40 to 64,289564,"95,439","30,790","60,812","34,575","67,948"
Utah,Total,65 and older,117339,"36,153","8,626","20,947","26,707","24,906"
Utah,Male,25 and younger,350277,"147,512","22,333","88,563","17,641","74,228"
Utah,Male,25 to 39,128592,"54,557","7,797","31,391","3,778","31,069"
Utah,Male,40 to 64,153129,"63,445","11,031","40,718","6,357","31,578"
Utah,Male,65 and older,68556,"29,510","3,505","16,454","7,506","11,581"
Utah,Female,25 and younger,314384,"71,878","46,648","39,437","65,359","91,062"
Utah,Female,25 to 39,129166,"33,241","21,768","14,850","17,940","41,367"
Utah,Female,40 to 64,136435,"31,994","19,759","20,094","28,218","36,370"
Utah,Female,65 and older,48783,"6,643","5,121","4,493","19,201","13,325"
Vermont,Total,25 and younger,172272,"65,723","14,964","18,402","23,066","50,117"
Vermont,Total,25 to 39,49040,"22,463","3,375","5,397","3,710","14,095"
Vermont,Total,40 to 64,78245,"28,535","7,382","9,882","9,521","22,925"
Vermont,Total,65 and older,44987,"14,725","4,207","3,123","9,835","13,097"
Vermont,Male,25 and younger,76545,"36,266","4,200","10,229","5,085","20,765"
Vermont,Male,25 to 39,21681,"11,500",868,"3,403",582,"5,328"
Vermont,Male,40 to 64,34085,"14,907","2,231","4,828","2,196","9,923"
Vermont,Male,65 and older,20779,"9,859","1,101","1,998","2,307","5,514"
Vermont,Female,25 and younger,95727,"29,457","10,764","8,173","17,981","29,352"
Vermont,Female,25 to 39,27359,"10,963","2,507","1,994","3,128","8,767"
Vermont,Female,40 to 64,44160,"13,628","5,151","5,054","7,325","13,002"
Vermont,Female,65 and older,24208,"4,866","3,106","1,125","7,528","7,583"
Virginia,Total,25 and younger,2325070,"944,785","185,017","427,386","210,501","557,381"
Virginia,Total,25 to 39,766199,"337,819","63,207","125,723","43,609","195,841"
Virginia,Total,40 to 64,1108477,"442,481","88,139","233,557","88,567","255,733"
Virginia,Total,65 and older,450394,"164,485","33,671","68,106","78,325","105,807"
Virginia,Male,25 and younger,1095555,"550,114","46,689","225,154","41,877","231,721"
Virginia,Male,25 to 39,342791,"175,988","13,703","64,580","7,566","80,954"
Virginia,Male,40 to 64,519063,"258,338","23,446","113,573","18,530","105,176"
Virginia,Male,65 and older,233701,"115,788","9,540","47,001","15,781","45,591"
Virginia,Female,25 and younger,1229515,"394,671","138,328","202,232","168,624","325,660"
Virginia,Female,25 to 39,423408,"161,831","49,504","61,143","36,043","114,887"
Virginia,Female,40 to 64,589414,"184,143","64,693","119,984","70,037","150,557"
Virginia,Female,65 and older,216693,"48,697","24,131","21,105","62,544","60,216"
Washington,Total,25 and younger,1955632,"823,892","166,505","313,212","188,089","463,934"
Washington,Total,25 to 39,686495,"330,263","52,617","106,279","37,205","160,131"
Washington,Total,40 to 64,853336,"343,380","73,002","156,729","69,886","210,339"
Washington,Total,65 and older,415801,"150,249","40,886","50,204","80,998","93,464"
Washington,Male,25 and younger,959770,"491,889","50,492","172,740","45,766","198,883"
Washington,Male,25 to 39,324972,"179,827","16,172","55,952","6,167","66,854"
Washington,Male,40 to 64,416310,"205,848","21,514","81,431","17,695","89,822"
Washington,Male,65 and older,218488,"106,214","12,806","35,357","21,904","42,207"
Washington,Female,25 and younger,995862,"332,003","116,013","140,472","142,323","265,051"
Washington,Female,25 to 39,361523,"150,436","36,445","50,327","31,038","93,277"
Washington,Female,40 to 64,437026,"137,532","51,488","75,298","52,191","120,517"
Washington,Female,65 and older,197313,"44,035","28,080","14,847","59,094","51,257"
West Virginia,Total,25 and younger,269706,"79,109","35,408","48,368","55,900","50,921"
West Virginia,Total,25 to 39,81866,"27,709","12,400","13,013","10,771","17,973"
West Virginia,Total,40 to 64,123967,"35,071","16,831","25,908","23,029","23,128"
West Virginia,Total,65 and older,63873,"16,329","6,177","9,447","22,100","9,820"
West Virginia,Male,25 and younger,123071,"47,971","8,760","27,417","14,716","24,207"
West Virginia,Male,25 to 39,35071,"15,361","2,504","6,793","1,953","8,460"
West Virginia,Male,40 to 64,53771,"20,345","4,463","13,217","5,420","10,326"
West Virginia,Male,65 and older,34229,"12,265","1,793","7,407","7,343","5,421"
West Virginia,Female,25 and younger,146635,"31,138","26,648","20,951","41,184","26,714"
West Virginia,Female,25 to 39,46795,"12,348","9,896","6,220","8,818","9,513"
West Virginia,Female,40 to 64,70196,"14,726","12,368","12,691","17,609","12,802"
West Virginia,Female,65 and older,29644,"4,064","4,384","2,040","14,757","4,399"
Wisconsin,Total,25 and younger,1258379,"403,462","147,987","250,467","189,348","267,115"
Wisconsin,Total,25 to 39,418338,"146,957","47,406","83,980","39,823","100,172"
Wisconsin,Total,40 to 64,582291,"182,123","69,388","132,078","81,199","117,503"
Wisconsin,Total,65 and older,257750,"74,382","31,193","34,409","68,326","49,440"
Wisconsin,Male,25 and younger,579921,"246,334","37,759","135,142","48,232","112,454"
Wisconsin,Male,25 to 39,179441,"80,561","9,130","42,710","8,046","38,994"
Wisconsin,Male,40 to 64,267079,"109,918","18,683","65,988","21,828","50,662"
Wisconsin,Male,65 and older,133401,"55,855","9,946","26,444","18,358","22,798"
Wisconsin,Female,25 and younger,678458,"157,128","110,228","115,325","141,116","154,661"
Wisconsin,Female,25 to 39,238897,"66,396","38,276","41,270","31,777","61,178"
Wisconsin,Female,40 to 64,315212,"72,205","50,705","66,090","59,371","66,841"
Wisconsin,Female,65 and older,124349,"18,527","21,247","7,965","49,968","26,642"
Wyoming,Total,25 and younger,113557,"41,541","11,843","16,670","22,550","20,953"
Wyoming,Total,25 to 39,32032,"12,159","3,266","4,662","4,147","7,798"
Wyoming,Total,40 to 64,50686,"16,255","5,424","8,904","10,707","9,396"
Wyoming,Total,65 and older,30839,"13,127","3,153","3,104","7,696","3,759"
Wyoming,Male,25 and younger,54483,"25,971","3,373","9,814","5,912","9,413"
Wyoming,Male,25 to 39,13852,"5,451",998,"2,726",834,"3,843"
Wyoming,Male,40 to 64,24149,"11,145","1,230","5,077","2,700","3,997"
Wyoming,Male,65 and older,16482,"9,375","1,145","2,011","2,378","1,573"
Wyoming,Female,25 and younger,59074,"15,570","8,470","6,856","16,638","11,540"
Wyoming,Female,25 to 39,18180,"6,708","2,268","1,936","3,313","3,955"
Wyoming,Female,40 to 64,26537,"5,110","4,194","3,827","8,007","5,399"
Wyoming,Female,65 and older,14357,"3,752","2,008","1,093","5,318","2,186"
